commentaire,sentiment,matiere
le professeur n'a aucun respect pour le temps des étudiants.,0,Physique
"les cours sont souvent annulés sans préavis, ce qui perturbe notre planning.",0,Réseaux
je me sens ignoré par le professeur dès que je pose une question.,0,Base de données
les travaux demandés sont réalisables avec un effort raisonnable.,1,Informatique
le professeur respecte les étudiants et assure un enseignement correct.,1,Réseaux
"le professeur est compétent, le cours se déroule normalement.",1,Base de données
les travaux pratiques ne servent à rien et sont très mal notés.,0,Statistiques
les exemples donnés en cours sont hors sujet et ne nous aident pas.,0,Base de données
les exercices couvrent l'essentiel du programme de façon satisfaisante.,1,Programmation
le niveau d'exigence est adapté à notre année d'études.,1,Mathématiques
le professeur ne respecte pas les horaires et empiète sur les pauses.,0,Intelligence artificielle
je ressors de chaque séance plus confus qu'avant d'y être entré.,0,Algorithmique
l'atmosphère en classe est pesante et décourage toute participation.,0,Physique
les séances sont préparées correctement et se déroulent sans accroc.,1,Intelligence artificielle
"l'organisation du cours est exemplaire, on voit clairement la progression.",2,Réseaux
le professeur parle trop vite et ne s'assure pas que les étudiants comprennent.,0,Informatique
je suis toujours impatient d'assister à ce cours tellement il est captivant.,2,Physique
cette matière est enseignée de manière très professionnelle et rigoureuse.,2,Statistiques
je n'apprends rien de nouveau dans ce cours par rapport à ce que je savais déjà.,0,Statistiques
les supports fournis sont de très mauvaise qualité et difficiles à comprendre.,0,Mathématiques
le manque de matériel pédagogique rend cet enseignement impossible à suivre.,0,Algorithmique
c'est le cours qui m'a le plus apporté durant tout ce semestre.,2,Programmation
j'ai adoré travailler en groupe sur les projets proposés dans ce cours.,2,Statistiques
"le cours est honnête dans ce qu'il apporte, sans prétendre plus.",1,Algorithmique
le professeur n'adapte jamais son enseignement aux difficultés des étudiants.,0,Informatique
ce cours m'a ouvert de nouvelles perspectives sur le domaine de l'ia.,2,Intelligence artificielle
"excellent cours, j'ai appris énormément de choses nouvelles et utiles pour ma carrière.",2,Algorithmique
"les ressources pédagogiques sont disponibles, même si leur qualité est variable.",1,Base de données
"le cours est dans la moyenne, on apprend ce qu'il faut apprendre.",1,Programmation
j'ai hâte de mettre en pratique tout ce que j'ai appris dans ce cours excellent.,2,Programmation
les projets de groupe sont très bien encadrés et vraiment enrichissants.,2,Informatique
la bienveillance du professeur met tout le monde à l'aise pour poser des questions.,2,Physique
la matière est enseignée sans passion particulière mais avec sérieux.,1,Réseaux
"les notions sont abordées de façon correcte, c'est suffisant.",1,Base de données
le professeur utilise un vocabulaire trop technique sans jamais l'expliquer.,0,Programmation
les travaux notés tombent sur des sujets jamais abordés en cours.,0,Statistiques
le suivi personnalisé du professeur est un vrai atout pour notre apprentissage.,2,Base de données
ce professeur n'a aucune aptitude à transmettre ses connaissances.,0,Intelligence artificielle
les supports de cours sont disponibles mais pourraient être plus complets.,1,Statistiques
je suis fier des progrès que j'ai réalisés grâce à cet enseignement.,2,Intelligence artificielle
c'est le pire cours que j'ai suivi depuis le début de ma formation.,0,Algorithmique
"les objectifs du cours sont atteints, même si la méthode est perfectible.",1,Algorithmique
le cours est utile mais pourrait gagner en dynamisme.,1,Algorithmique
le professeur maîtrise son sujet mais reste parfois trop théorique.,1,Algorithmique
les travaux pratiques sont mal organisés et nous ne recevons aucune aide.,0,Programmation
"je me sens totalement perdu dans ce cours, aucun fil conducteur.",0,Base de données
les ressources pédagogiques sont inexistantes ou totalement inutilisables.,0,Base de données
ce cours m'a démotivé pour le reste du semestre tellement il est mal conçu.,0,Algorithmique
les étudiants sont traités avec respect et considération dans ce cours.,2,Algorithmique
les outils numériques utilisés en cours sont modernes et très pratiques.,2,Mathématiques
les examens sont beaucoup trop difficiles par rapport au niveau du cours dispensé.,0,Statistiques
"les supports sont corrects, même si un peu plus d'exemples auraient été utiles.",1,Informatique
ce semestre a été un vrai calvaire à cause de la qualité de cet enseignement.,0,Base de données
les retours sur les travaux sont constructifs et m'ont aidé à progresser.,2,Intelligence artificielle
"le cours est bien dans la moyenne, sans point fort ni point faible majeur.",1,Programmation
le contenu est très riche et les exemples utilisés sont parfaitement adaptés.,2,Algorithmique
"les séances sont organisées de façon classique, rien d'innovant mais ça fonctionne.",1,Base de données
je ne comprends toujours pas l'objectif de ce cours après tout un semestre.,0,Base de données
je regrette vraiment d'avoir choisi cette matière optionnelle.,0,Informatique
"j'ai beaucoup progressé grâce à ce cours, merci pour la qualité de l'enseignement.",2,Base de données
"le cours est standard, les objectifs pédagogiques sont atteints.",1,Physique
les travaux sont rendus avec des notes mais peu de commentaires.,1,Base de données
le professeur maintient un bon niveau d'exigence tout au long du semestre.,1,Réseaux
les corrections détaillées permettent de comprendre exactement où on a échoué.,2,Base de données
"ce cours est une véritable réussite pédagogique, bravo au professeur.",2,Réseaux
"j'ai adoré ce cours, il m'a permis de comprendre des concepts complexes facilement.",2,Informatique
le contenu est à jour et correspond aux attentes du domaine.,1,Intelligence artificielle
"cette matière m'a donné envie de poursuivre dans ce domaine, très motivante.",2,Intelligence artificielle
"les séances sont prévisibles dans leur déroulement, ce qui est rassurant.",1,Mathématiques
la qualité de ce cours justifie pleinement l'investissement en temps qu'il demande.,2,Réseaux
le contenu est répétitif et n'apporte aucune nouvelle compétence.,0,Mathématiques
les quiz en début de séance sont un excellent moyen de réviser les notions.,2,Réseaux
"le cours est désorganisé, on ne sait jamais ce qu'on doit apprendre.",0,Intelligence artificielle
le professeur encourage la participation et cela dynamise vraiment le cours.,2,Statistiques
l'ambiance en classe est excellente grâce à l'approche du professeur.,2,Statistiques
le professeur n'est pas disponible pour les étudiants en dehors des cours.,0,Mathématiques
"le professeur est à l'écoute, même si l'interaction reste limitée.",1,Physique
je recommande vivement ce cours à tous les étudiants en informatique.,2,Intelligence artificielle
"le professeur fait son travail, les cours sont préparés convenablement.",1,Réseaux
je ressors de chaque cours avec de nouvelles connaissances solides.,2,Base de données
le contenu du cours est complètement dépassé et sans rapport avec la réalité.,0,Base de données
les délais pour rendre les travaux sont trop courts et génèrent un stress inutile.,0,Physique
le professeur est absent mentalement même quand il est physiquement présent.,0,Réseaux
ce cours m'a découragé de continuer dans cette filière.,0,Physique
ce cours est une vraie déception par rapport à ce qui nous avait été promis.,0,Physique
"l'ambiance en classe est neutre, le cours se déroule sans problèmes.",1,Statistiques
j'ai vraiment apprécié la façon dont les exercices pratiques complètent le cours théorique.,2,Informatique
le professeur est irrespectueux envers les étudiants qui posent des questions.,0,Intelligence artificielle
le contenu correspond à ce qui était annoncé dans le programme.,1,Algorithmique
le professeur donne des exemples du monde réel qui rendent le cours vivant.,2,Algorithmique
le cours ne correspond absolument pas à la description du programme.,0,Réseaux
les étudiants en difficulté ne reçoivent aucun soutien supplémentaire.,0,Algorithmique
les travaux pratiques sont bien conçus et permettent une bonne mise en application.,2,Programmation
le cours satisfait les exigences minimales du programme.,1,Intelligence artificielle
les étudiants ont accès aux ressources nécessaires pour suivre correctement.,1,Programmation
le cours aborde les sujets importants sans entrer dans des détails inutiles.,1,Base de données
"le cours est clair dans ses attentes, on sait ce qu'on doit faire.",1,Statistiques
"chaque séance apporte son lot de découvertes, c'est vraiment stimulant.",2,Intelligence artificielle
"ce cours est une perte de temps totale, les explications sont incompréhensibles.",0,Mathématiques
"le professeur parle trop bas, il est difficile de l'entendre depuis le fond.",0,Physique
excellent travail du professeur qui rend cette matière difficile accessible à tous.,2,Mathématiques
les travaux pratiques sont notés de façon incohérente d'un étudiant à l'autre.,0,Programmation
"ce cours dépasse largement mes attentes initiales, vraiment excellent.",2,Réseaux
"rien à redire de particulier sur ce cours, il remplit son rôle.",1,Réseaux
"le cours se déroule bien, sans grandes surprises ni dans un sens ni dans l'autre.",1,Programmation
"très bon professeur, pédagogue et disponible pour les étudiants en dehors des cours.",2,Algorithmique
le professeur utilise des outils modernes qui facilitent l'apprentissage.,2,Programmation
"l'enseignement est moyen, ni exceptionnel ni décevant.",1,Statistiques
les travaux sont évalués de manière cohérente tout au long du semestre.,1,Algorithmique
le professeur ne prépare visiblement pas ses cours avant de venir en classe.,0,Programmation
"le cours est catastrophique, je ne recommande à personne de le suivre.",0,Statistiques
le contenu du cours est pertinent même si sa présentation est perfectible.,1,Physique
ce cours m'a réconcilié avec une matière que je trouvais difficile auparavant.,2,Informatique
le professeur est ponctuel et respecte le cadre horaire défini.,1,Base de données
"le professeur connaît sa matière, même si la transmission reste basique.",1,Informatique
les travaux pratiques sont impossibles à réaliser sans explications préalables.,0,Physique
je déconseille fortement ce cours à tous les futurs étudiants de cette filière.,0,Intelligence artificielle
je me suis senti abandonné tout au long du semestre dans ce cours.,0,Intelligence artificielle
la matière est intéressante mais le cours ne parvient pas à la rendre passionnante.,1,Physique
"le professeur est présent et assure les cours, c'est l'essentiel.",1,Mathématiques
"le cours est honnête dans ce qu'il propose, sans surprises.",1,Physique
les révisions proposées avant l'examen sont utiles et bien ciblées.,1,Physique
"le professeur valorise les efforts de chaque étudiant, ce qui est très motivant.",2,Base de données
"le professeur maîtrise à la fois la théorie et la pratique, c'est très rare.",2,Intelligence artificielle
"le professeur suit le programme sans s'en écarter, c'est cohérent.",1,Informatique
"je suis très déçu de cette matière, les attentes étaient bien plus élevées.",0,Statistiques
les examens sont conformes au niveau attendu pour cette matière.,1,Algorithmique
"le professeur ne répond jamais aux questions des étudiants, c'est très frustrant.",0,Réseaux
le professeur assure ses cours correctement même s'il manque parfois d'enthousiasme.,1,Mathématiques
la disponibilité du professeur par email est très appréciable.,2,Algorithmique
le professeur rend les concepts abstraits concrets grâce à ses excellentes analogies.,2,Intelligence artificielle
les ressources complémentaires fournies sont d'une grande qualité.,2,Réseaux
"les étudiants reçoivent les informations nécessaires, c'est l'essentiel.",1,Informatique
le professeur est organisé et respecte le planning annoncé.,1,Algorithmique
je n'aurais pas pu mieux comprendre cette matière sans ce professeur exceptionnel.,2,Statistiques
ce cours est le reflet exact de ce qu'il ne faut pas faire en pédagogie.,0,Informatique
les méthodes d'enseignement sont innovantes et très efficaces.,2,Mathématiques
le cours offre une bonne introduction à la matière sans aller trop loin.,1,Programmation
ce cours m'a donné beaucoup de motivation pour progresser dans ce domaine.,2,Mathématiques
les évaluations sont correctes bien que parfois déconnectées du cours.,1,Physique
"la progression est bien pensée, on ne se sent jamais perdu.",2,Base de données
les évaluations sont justes et cohérentes avec ce qui a été enseigné.,2,Mathématiques
les projets proposés sont réalistes et très formateurs pour la vie professionnelle.,2,Algorithmique
les évaluations sont injustes et ne reflètent pas vraiment notre niveau.,0,Informatique
les travaux de groupe sont mal encadrés et créent de vraies tensions entre étudiants.,0,Mathématiques
les explications du professeur sont trop vagues pour être vraiment utiles.,0,Mathématiques
les supports de cours sont très bien organisés et faciles à comprendre.,2,Base de données
cours très bien structuré avec des exemples concrets tirés du monde professionnel.,2,Base de données
"les travaux pratiques sont réalisables, mais auraient pu être plus variés.",1,Programmation
"le cours est dynamique et interactif, on ne s'ennuie jamais.",2,Programmation
"on apprend ce qu'il faut pour réussir l'examen, pas plus pas moins.",1,Programmation
le cours passe d'un sujet à l'autre sans jamais rien approfondir correctement.,0,Programmation
"l'enseignement est fonctionnel, les bases sont bien posées.",1,Statistiques
le cours alterne parfaitement entre moments théoriques et ateliers pratiques.,2,Informatique
le professeur utilise des exemples simples qui facilitent la compréhension.,1,Informatique
je sors de chaque séance avec plus de questions qu'en arrivant.,0,Mathématiques
le professeur sait adapter ses explications en fonction du niveau de la classe.,2,Mathématiques
